date, pm25, pm10
2024/4/1, 117, 93
2024/4/2, 148, 101
2024/4/3, 155, 101
2024/4/4, 152, 106
2024/4/5, 158, 101
2024/4/6, 156, 102
2024/4/7, 161, 112
2024/4/8, 164, 124
2024/4/9, 183, 122
2024/4/10, 180, 106
2024/4/11, 172, 89
2024/4/12, 161, 94
2024/4/13, 166, 89
2024/4/14, 152, 104
2024/4/15, 159, 102
2024/4/16, 161, 95
2024/4/17, 153, 99
2024/4/18, 158, 106
2024/4/19, 164, 120
2024/4/20, 150, 112
2024/4/21, 154, 111
2024/4/22, 157, 83
2024/4/23, 130, 92
2024/4/24, 153, 103
2024/4/25, 164, 120
2024/4/26, 176, 112
2024/4/27, 169, 98
2024/4/28, 146, 119
2024/4/29, 164, 113
2024/4/30, 162, 
2024/1/1, 171, 80
2024/1/2, 150, 84
2024/1/3, 153, 84
2024/1/4, 150, 81
2024/1/5, 149, 89
2024/1/6, 157, 91
2024/1/7, 162, 100
2024/1/8, 168, 97
2024/1/9, 166, 91
2024/1/10, 154, 79
2024/1/11, 154, 97
2024/1/12, 166, 106
2024/1/13, 176, 96
2024/1/14, 161, 107
2024/1/15, 164, 83
2024/1/16, 153, 77
2024/1/17, 145, 76
2024/1/18, 151, 80
2024/1/19, 160, 83
2024/1/20, 163, 85
2024/1/21, 159, 85
2024/1/22, 158, 87
2024/1/23, 160, 87
2024/1/24, 166, 91
2024/1/25, 160, 98
2024/1/26, 165, 95
2024/1/27, 158, 114
2024/1/28, 171, 107
2024/1/29, 172, 109
2024/1/30, 180, 112
2024/1/31, 179, 102
2024/2/1, 178, 84
2024/2/2, 154, 91
2024/2/3, 165, 99
2024/2/4, 176, 103
2024/2/5, 171, 88
2024/2/6, 154, 88
2024/2/7, 150, 87
2024/2/8, 153, 97
2024/2/9, 171, 128
2024/2/10, 179, 107
2024/2/11, 163, 101
2024/2/12, 159, 97
2024/2/13, 156, 139
2024/2/14, 175, 99
2024/2/15, 160, 100
2024/2/16, 165, 94
2024/2/17, 165, 100
2024/2/18, 166, 108
2024/2/19, 176, 111
2024/2/20, 167, 98
2024/2/21, 159, 83
2024/2/22, 141, 73
2024/2/23, 134, 76
2024/2/24, 143, 82
2024/2/25, 146, 93
2024/2/26, 153, 107
2024/2/27, 153, 95
2024/2/28, 153, 86
2024/2/29, 151, 93
2024/3/1, 165, 87
2024/3/2, 164, 57
2024/3/3, 128, 51
2024/3/4, 104, 62
2024/3/5, 112, 75
2024/3/6, 119, 84
2024/3/7, 136, 
2024/3/10, 162, 97
2024/3/11, 168, 91
2024/3/12, 156, 86
2024/3/13, 143, 92
2024/3/14, 143, 89
2024/3/15, 135, 94
2024/3/16, 140, 100
2024/3/17, 141, 115
2024/3/18, 164, 111
2024/3/19, 158, 94
2024/3/20, 173, 83
2024/3/21, 168, 67
2024/3/22, 142, 54
2024/3/23, 123, 72
2024/3/24, 155, 64
2024/3/25, 138, 66
2024/3/26, 144, 69
2024/3/27, 156, 56
2024/3/28, 136, 72
2024/3/29, 143, 60
2024/3/30, 123, 55
2024/3/31, 104, 70
2023/10/1, 70, 13
2023/10/2, 52, 12
2023/10/3, 45, 7
2023/10/4, 32, 7
2023/10/5, 27, 8
2023/10/6, 34, 9
2023/10/7, 39, 19
2023/10/8, 66, 30
2023/10/9, 92, 35
2023/10/10, 105, 28
2023/10/11, 85, 
2023/10/17, 97, 34
2023/10/18, 89, 34
2023/10/19, 91, 35
2023/10/20, 93, 34
2023/10/21, 93, 34
2023/10/22, 93, 31
2023/10/23, 88, 25
2023/10/24, 75, 17
2023/10/25, 59, 15
2023/10/26, 54, 12
2023/10/27, 46, 11
2023/10/28, 44, 11
2023/10/29, 43, 9
2023/10/30, 38, 5
2023/10/31, 22, 1
2023/11/1, 4, 
2023/12/5, 96, 32
2023/12/6, 97, 49
2023/12/7, 136, 38
2023/12/8, 115, 26
2023/12/9, 84, 28
2023/12/10, 89, 31
2023/12/11, 95, 29
2023/12/12, 90, 24
2023/12/13, 81, 29
2023/12/14, 92, 31
2023/12/15, 96, 35
2023/12/16, 107, 62
2023/12/17, 126, 83
2023/12/18, 154, 88
2023/12/19, 159, 113
2023/12/20, 169, 116
2023/12/21, 172, 104
2023/12/22, 160, 114
2023/12/23, 172, 100
2023/12/24, 161, 89
2023/12/25, 152, 89
2023/12/26, 157, 84
2023/12/27, 151, 83
2023/12/28, 149, 86
2023/12/29, 151, 95
2023/12/30, 161, 107
2023/12/31, 174, 96
2023/7/1, 49, 17
2023/7/2, 53, 13
2023/7/3, 44, 15
2023/7/4, 53, 17
2023/7/5, 54, 20
2023/7/6, 61, 15
2023/7/7, 46, 14
2023/7/8, 45, 16
2023/7/9, 50, 18
2023/7/10, 56, 21
2023/7/11, 65, 23
2023/7/12, 72, 14
2023/7/13, 54, 19
2023/7/14, 64, 14
2023/7/15, 50, 16
2023/7/16, 56, 11
2023/7/17, 41, 13
2023/7/18, 45, 13
2023/7/19, 44, 22
2023/7/20, 67, 17
2023/7/21, 60, 12
2023/7/22, 46, 12
2023/7/23, 47, 15
2023/7/24, 54, 12
2023/7/25, 44, 14
2023/7/26, 52, 14
2023/7/27, 53, 14
2023/7/28, 51, 11
2023/7/29, 44, 15
2023/7/30, 55, 13
2023/7/31, 48, 10
2023/8/1, 37, 12
2023/8/2, 42, 13
2023/8/3, 44, 11
2023/8/4, 40, 12
2023/8/5, 44, 14
2023/8/6, 53, 12
2023/8/7, 47, 
2023/8/22, 34, 8
2023/8/23, 34, 8
2023/8/24, 32, 4
2023/8/25, 18, 6
2023/8/26, 24, 10
2023/8/27, 38, 13
2023/8/28, 48, 12
2023/8/29, 48, 16
2023/8/30, 58, 13
2023/8/31, 50, 11
2023/9/1, 46, 12
2023/9/2, 50, 10
2023/9/3, 40, 7
2023/9/4, 27, 13
2023/9/5, 51, 12
2023/9/6, 49, 7
2023/9/7, 31, 15
2023/9/8, 49, 11
2023/9/9, 42, 13
2023/9/10, 46, 15
2023/9/11, 52, 19
2023/9/12, 65, 15
2023/9/13, 53, 13
2023/9/14, 47, 16
2023/9/15, 52, 14
2023/9/16, 51, 14
2023/9/17, 51, 11
2023/9/18, 42, 
2023/9/22, 40, 12
2023/9/23, 43, 8
2023/9/24, 30, 12
2023/9/25, 42, 15
2023/9/26, 52, 14
2023/9/27, 49, 17
2023/9/28, 59, 20
2023/9/29, 66, 22
2023/9/30, 70, 22
2023/4/12, 195, 93
2023/4/13, 170, 82
2023/4/14, 158, 97
2023/4/15, 177, 90
2023/4/16, 170, 90
2023/4/17, 164, 96
2023/4/18, 170, 93
2023/4/19, 170, 80
2023/4/20, 154, 71
2023/4/21, 149, 70
2023/4/22, 142, 79
2023/4/23, 153, 58
2023/4/24, 138, 61
2023/4/25, 133, 63
2023/4/26, 137, 80
2023/4/27, 161, 82
2023/4/28, 161, 71
2023/4/29, 153, 71
2023/4/30, 163, 59
2023/5/1, 146, 62
2023/5/2, 145, 42
2023/5/3, 105, 43
2023/5/4, 110, 41
2023/5/5, 105, 42
2023/5/6, 102, 47
2023/5/7, 110, 47
2023/5/8, 111, 46
2023/5/9, 112, 42
2023/5/10, 104, 49
2023/5/11, 118, 69
2023/5/12, 144, 71
2023/5/13, 151, 57
2023/5/14, 131, 44
2023/5/15, 104, 55
2023/5/16, 124, 54
2023/5/17, 128, 49
2023/5/18, 121, 40
2023/5/19, 102, 37
2023/5/20, 90, 51
2023/5/21, 115, 60
2023/5/22, 138, 54
2023/5/23, 129, 39
2023/5/24, 96, 33
2023/5/25, 82, 24
2023/5/26, 68, 20
2023/5/27, 60, 34
2023/5/28, 84, 41
2023/5/29, 98, 41
2023/5/30, 98, 38
2023/5/31, 92, 34
2023/6/1, 87, 30
2023/6/2, 79, 33
2023/6/3, 81, 36
2023/6/4, 87, 40
2023/6/5, 95, 42
2023/6/6, 100, 43
2023/6/7, 101, 41
2023/6/8, 100, 42
2023/6/9, 98, 41
2023/6/10, 98, 42
2023/6/11, 96, 38
2023/6/12, 92, 30
2023/6/13, 80, 24
2023/6/14, 67, 30
2023/6/15, 79, 38
2023/6/16, 94, 38
2023/6/17, 93, 30
2023/6/18, 81, 21
2023/6/19, 62, 26
2023/6/20, 70, 27
2023/6/21, 71, 24
2023/6/22, 68, 19
2023/6/23, 59, 13
2023/6/24, 44, 18
2023/6/25, 53, 21
2023/6/26, 61, 14
2023/6/27, 46, 14
2023/6/28, 43, 13
2023/6/29, 43, 11
2023/6/30, 40, 15
2023/1/2, 137, 50
2023/1/3, 133, 43
2023/1/4, 119, 43
2023/1/5, 115, 63
2023/1/6, 147, 63
2023/1/7, 142, 53
2023/1/8, 130, 51
2023/1/9, 125, 63
2023/1/10, 137, 59
2023/1/11, 139, 56
2023/1/12, 134, 50
2023/1/13, 118, 49
2023/1/14, 109, 49
2023/1/15, 124, 57
2023/1/16, 153, 56
2023/1/17, 150, 56
2023/1/18, 147, 54
2023/1/19, 145, 62
2023/1/20, 156, 56
2023/1/21, 134, 58
2023/1/22, 128, 53
2023/1/23, 123, 41
2023/1/24, 106, 48
2023/1/25, 117, 49
2023/1/26, 127, 52
2023/1/27, 111, 43
2023/1/28, 109, 45
2023/1/29, 112, 61
2023/1/30, 148, 90
2023/1/31, 162, 63
2023/2/1, 139, 61
2023/2/2, 144, 60
2023/2/3, 142, 62
2023/2/4, 147, 61
2023/2/5, 145, 63
2023/2/6, 152, 60
2023/2/7, 141, 62
2023/2/8, 130, 
2023/2/12, 107, 60
2023/2/13, 120, 58
2023/2/14, 115, 61
2023/2/15, 99, 52
2023/2/16, 98, 36
2023/2/17, 92, 
2023/2/27, 156, 91
2023/2/28, 171, 96
2023/3/1, 177, 90
2023/3/2, 172, 88
2023/3/3, 170, 92
2023/3/4, 174, 87
2023/3/5, 164, 83
2023/3/6, 163, 76
2023/3/7, 151, 99
2023/3/8, 182, 73
2023/3/9, 149, 73
2023/3/10, 149, 79
2023/3/11, 159, 85
2023/3/12, 166, 88
2023/3/13, 172, 83
2023/3/14, 162, 
2022/10/19, 99, 
2022/12/1, 139, 43
2022/12/2, 119, 46
2022/12/3, 122, 47
2022/12/4, 127, 41
2022/12/5, 116, 40
2022/12/6, 111, 45
2022/12/7, 127, 45
2022/12/8, 125, 47
2022/12/9, 127, 48
2022/12/10, 131, 51
2022/12/11, 133, 54
2022/12/12, 140, 65
2022/12/13, 155, 58
2022/12/14, 154, 59
2022/12/15, 154, 58
2022/12/16, 153, 59
2022/12/17, 156, 60
2022/12/18, 152, 53
2022/12/19, 138, 48
2022/12/20, 129, 51
2022/12/21, 140, 52
2022/12/22, 141, 49
2022/12/23, 131, 56
2022/12/24, 145, 58
2022/12/25, 142, 51
2022/12/26, 131, 52
2022/12/27, 135, 51
2022/12/28, 137, 62
2022/12/29, 159, 61
2022/12/30, 155, 58
2022/12/31, 150, 
2022/7/1, 73, 29
2022/7/2, 65, 36
2022/7/3, 69, 35
2022/7/4, 70, 30
2022/7/5, 62, 39
2022/7/6, 84, 28
2022/7/7, 66, 28
2022/7/8, 70, 22
2022/7/9, 59, 26
2022/7/10, 53, 31
2022/7/11, 69, 23
2022/7/12, 57, 28
2022/7/13, 61, 32
2022/7/14, 66, 38
2022/7/15, 64, 
2022/7/20, 55, 25
2022/7/21, 67, 23
2022/7/22, 60, 16
2022/7/23, 38, 19
2022/7/24, 42, 18
2022/7/25, 43, 17
2022/7/26, 46, 21
2022/7/27, 55, 18
2022/7/28, 46, 24
2022/7/29, 59, 23
2022/7/30, 57, 17
2022/7/31, 54, 14
2022/8/1, 47, 20
2022/8/2, 55, 20
2022/8/3, 53, 29
2022/8/4, 72, 32
2022/8/5, 68, 23
2022/8/6, 59, 25
2022/8/7, 60, 20
2022/8/8, 50, 23
2022/8/9, 45, 21
2022/8/10, 50, 26
2022/8/11, 54, 28
2022/8/12, 57, 26
2022/8/13, 62, 23
2022/8/14, 57, 28
2022/8/15, 53, 30
2022/8/16, 63, 33
2022/8/17, 67, 30
2022/8/18, 62, 15
2022/8/19, 40, 17
2022/8/20, 44, 22
2022/8/21, 48, 32
2022/8/22, 66, 26
2022/8/23, 61, 20
2022/8/24, 47, 23
2022/8/25, 49, 24
2022/8/26, 60, 26
2022/8/27, 64, 18
2022/8/28, 48, 22
2022/8/29, 51, 20
2022/8/30, 50, 26
2022/8/31, 64, 34
2022/9/1, 77, 33
2022/9/2, 71, 33
2022/9/3, 73, 31
2022/9/4, 67, 38
2022/9/5, 80, 32
2022/9/6, 71, 27
2022/9/7, 72, 30
2022/9/8, 75, 
2022/9/11, 79, 28
2022/9/12, 64, 23
2022/9/13, 57, 
2022/9/17, 92, 27
2022/9/18, 71, 25
2022/9/19, 72, 39
2022/9/20, 78, 40
2022/9/21, 76, 31
2022/9/22, 66, 31
2022/9/23, 68, 30
2022/9/24, 68, 31
2022/9/25, 71, 
2022/4/21, 116, 65
2022/4/22, 119, 78
2022/4/23, 124, 114
2022/4/24, 161, 128
2022/4/25, 173, 133
2022/4/26, 170, 95
2022/4/27, 155, 99
2022/4/28, 164, 78
2022/4/29, 157, 57
2022/4/30, 126, 60
2022/5/1, 120, 55
2022/5/2, 134, 54
2022/5/3, 110, 50
2022/5/4, 103, 36
2022/5/5, 68, 46
2022/5/6, 90, 50
2022/5/7, 95, 42
2022/5/8, 83, 54
2022/5/9, 104, 57
2022/5/10, 113, 41
2022/5/11, 84, 50
2022/5/12, 105, 42
2022/5/13, 94, 52
2022/5/14, 116, 66
2022/5/15, 146, 53
2022/5/16, 119, 71
2022/5/17, 124, 67
2022/5/18, 113, 66
2022/5/19, 127, 46
2022/5/20, 94, 58
2022/5/21, 109, 46
2022/5/22, 88, 48
2022/5/23, 93, 61
2022/5/24, 117, 56
2022/5/25, 116, 48
2022/5/26, 93, 55
2022/5/27, 107, 54
2022/5/28, 122, 64
2022/5/29, 134, 60
2022/5/30, 128, 59
2022/5/31, 125, 66
2022/6/1, 134, 62
2022/6/2, 122, 58
2022/6/3, 116, 63
2022/6/4, 134, 61
2022/6/5, 138, 71
2022/6/6, 149, 64
2022/6/7, 139, 55
2022/6/8, 121, 51
2022/6/9, 119, 65
2022/6/10, 137, 61
2022/6/11, 127, 61
2022/6/12, 116, 59
2022/6/13, 124, 54
2022/6/14, 120, 56
2022/6/15, 124, 59
2022/6/16, 121, 40
2022/6/17, 79, 38
2022/6/18, 81, 36
2022/6/19, 72, 45
2022/6/20, 87, 
2022/6/30, 70, 38
2022/1/3, 111, 46
2022/1/4, 109, 45
2022/1/5, 102, 32
2022/1/6, 70, 30
2022/1/7, 67, 21
2022/1/8, 46, 36
2022/1/9, 74, 24
2022/1/10, 54, 18
2022/1/11, 46, 15
2022/1/12, 44, 9
2022/1/13, 28, 12
2022/1/14, 35, 14
2022/1/15, 42, 19
2022/1/16, 48, 17
2022/1/17, 46, 20
2022/1/18, 40, 27
2022/1/19, 97, 36
2022/1/20, 71, 36
2022/1/21, 71, 36
2022/1/22, 71, 36
2022/1/23, 71, 36
2022/1/24, 71, 36
2022/1/25, 71, 36
2022/1/26, 71, 36
2022/1/27, 71, 36
2022/1/28, 71, 36
2022/1/29, 71, 36
2022/1/30, 71, 36
2022/1/31, 71, 
2022/2/4, 47, 12
2022/2/5, 43, 38
2022/2/6, 56, 18
2022/2/7, 56, 15
2022/2/8, 46, 18
2022/2/9, 47, 14
2022/2/10, 38, 13
2022/2/11, 35, 14
2022/2/12, 39, 14
2022/2/13, 38, 
2021/10/1, 66, 65
2021/10/2, 49, 30
2021/10/3, 56, 29
2021/10/4, 61, 30
2021/10/5, 66, 
2021/11/19, 139, 108
2021/11/20, 146, 70
2021/11/21, 133, 61
2021/11/22, 118, 72
2021/11/23, 151, 78
2021/11/24, 161, 73
2021/11/25, 158, 68
2021/11/26, 153, 69
2021/11/27, 151, 64
2021/11/28, 138, 65
2021/11/29, 135, 65
2021/11/30, 128, 75
2021/12/1, 135, 86
2021/12/2, 148, 63
2021/12/3, 136, 59
2021/12/4, 132, 55
2021/12/5, 109, 58
2021/12/6, 123, 61
2021/12/7, 116, 68
2021/12/8, 123, 55
2021/12/9, 114, 70
2021/12/10, 127, 73
2021/12/11, 137, 66
2021/12/12, 134, 74
2021/12/13, 148, 79
2021/12/14, 159, 109
2021/12/15, 170, 86
2021/12/16, 174, 59
2021/12/17, 131, 52
2021/12/18, 118, 39
2021/12/19, 90, 39
2021/12/20, 102, 65
2021/12/21, 140, 64
2021/12/22, 130, 64
2021/12/23, 135, 54
2021/12/24, 134, 49
2021/12/25, 125, 52
2021/12/26, 121, 69
2021/12/27, 119, 50
2021/12/28, 130, 25
2021/12/29, 83, 48
2021/12/30, 118, 56
2021/12/31, 136, 50
2022/1/1, 130, 46
2022/1/2, 111, 51
2021/7/1, 93, 20
2021/7/2, 64, 18
2021/7/3, 54, 29
2021/7/4, 64, 25
2021/7/5, 63, 27
2021/7/6, 64, 34
2021/7/7, 70, 19
2021/7/8, 58, 19
2021/7/9, 50, 18
2021/7/10, 52, 19
2021/7/11, 49, 24
2021/7/12, 54, 21
2021/7/13, 48, 16
2021/7/14, 49, 15
2021/7/15, 44, 
2021/7/20, 75, 21
2021/7/21, 54, 22
2021/7/22, 54, 26
2021/7/23, 45, 23
2021/7/24, 40, 17
2021/7/25, 42, 12
2021/7/26, 46, 
2021/7/29, 28, 18
2021/7/30, 38, 19
2021/7/31, 35, 23
2021/8/1, 41, 19
2021/8/2, 40, 22
2021/8/3, 44, 19
2021/8/4, 53, 40
2021/8/5, 65, 37
2021/8/6, 68, 30
2021/8/7, 64, 22
2021/8/8, 51, 24
2021/8/9, 48, 31
2021/8/10, 58, 41
2021/8/11, 65, 26
2021/8/12, 60, 35
2021/8/13, 60, 21
2021/8/14, 51, 17
2021/8/15, 40, 33
2021/8/16, 61, 46
2021/8/17, 79, 26
2021/8/18, 60, 27
2021/8/19, 47, 28
2021/8/20, 52, 26
2021/8/21, 49, 24
2021/8/22, 50, 20
2021/8/23, 58, 24
2021/8/24, 63, 23
2021/8/25, 59, 23
2021/8/26, 44, 26
2021/8/27, 68, 20
2021/8/28, 61, 11
2021/8/29, 42, 19
2021/8/30, 55, 16
2021/8/31, 42, 19
2021/9/1, 42, 22
2021/9/2, 52, 22
2021/9/3, 60, 27
2021/9/4, 55, 26
2021/9/5, 56, 18
2021/9/6, 45, 17
2021/9/7, 45, 27
2021/9/8, 53, 22
2021/9/9, 59, 32
2021/9/10, 65, 29
2021/9/11, 57, 32
2021/9/12, 58, 32
2021/9/13, 60, 37
2021/9/14, 65, 31
2021/9/15, 62, 34
2021/9/16, 73, 25
2021/9/17, 70, 31
2021/9/18, 63, 32
2021/9/19, 63, 28
2021/9/20, 59, 20
2021/9/21, 44, 22
2021/9/22, 54, 25
2021/9/23, 57, 27
2021/9/24, 55, 28
2021/9/25, 61, 36
2021/9/26, 79, 35
2021/9/27, 66, 30
2021/9/28, 67, 26
2021/9/29, 63, 29
2021/9/30, 64, 33
2021/4/1, 147, 92
2021/4/2, 155, 212
2021/4/3, 216, 142
2021/4/4, 211, 174
2021/4/5, 226, 189
2021/4/6, 242, 145
2021/4/7, 218, 99
2021/4/8, 146, 84
2021/4/9, 133, 79
2021/4/10, 133, 106
2021/4/11, 163, 175
2021/4/12, 196, 146
2021/4/13, 191, 129
2021/4/14, 187, 117
2021/4/15, 167, 75
2021/4/16, 142, 69
2021/4/17, 135, 56
2021/4/18, 104, 72
2021/4/19, 120, 95
2021/4/20, 145, 96
2021/4/21, 162, 50
2021/4/22, 91, 66
2021/4/23, 99, 84
2021/4/24, 121, 100
2021/4/25, 128, 101
2021/4/26, 137, 137
2021/4/27, 153, 168
2021/4/28, 168, 77
2021/4/29, 140, 53
2021/4/30, 117, 54
2021/5/1, 123, 56
2021/5/2, 136, 62
2021/5/3, 137, 53
2021/5/4, 124, 36
2021/5/5, 88, 45
2021/5/6, 102, 51
2021/5/7, 124, 45
2021/5/8, 99, 49
2021/5/9, 93, 61
2021/5/10, 138, 57
2021/5/11, 140, 50
2021/5/12, 129, 45
2021/5/13, 107, 52
2021/5/14, 116, 55
2021/5/15, 113, 64
2021/5/16, 114, 64
2021/5/17, 128, 67
2021/5/18, 142, 66
2021/5/19, 152, 32
2021/5/20, 91, 29
2021/5/21, 61, 26
2021/5/22, 57, 30
2021/5/23, 62, 36
2021/5/24, 69, 35
2021/5/25, 75, 8
2021/5/26, 31, 11
2021/5/27, 40, 20
2021/5/28, 65, 32
2021/5/29, 88, 44
2021/5/30, 107, 34
2021/5/31, 86, 37
2021/6/1, 89, 41
2021/6/2, 96, 40
2021/6/3, 93, 45
2021/6/4, 93, 50
2021/6/5, 101, 43
2021/6/6, 89, 48
2021/6/7, 104, 55
2021/6/8, 112, 46
2021/6/9, 97, 36
2021/6/10, 93, 38
2021/6/11, 91, 29
2021/6/12, 83, 34
2021/6/13, 90, 16
2021/6/14, 49, 14
2021/6/15, 48, 11
2021/6/16, 39, 19
2021/6/17, 47, 21
2021/6/18, 48, 14
2021/6/19, 36, 23
2021/6/20, 49, 19
2021/6/21, 42, 33
2021/6/22, 54, 21
2021/6/23, 52, 23
2021/6/24, 54, 27
2021/6/25, 60, 18
2021/6/26, 52, 25
2021/6/27, 61, 29
2021/6/28, 61, 25
2021/6/29, 59, 36
2021/6/30, 83, 36
2021/1/6, 76, 
2021/1/8, 117, 
2021/1/20, 157, 
2021/3/4, 159, 129
2021/3/5, 101, 
2021/3/9, 105, 40
2021/3/10, 82, 43
2021/3/11, 82, 40
2021/3/12, 84, 32
2021/3/13, 70, 92
2021/3/14, 109, 89
2021/3/15, 111, 62
2021/3/16, 115, 116
2021/3/17, 130, 80
2021/3/18, 149, 
2021/3/20, 125, 80
2021/3/21, 137, 78
2021/3/22, 149, 108
2021/3/23, 156, 79
2021/3/24, 146, 106
2021/3/25, 164, 115
2021/3/26, 185, 101
2021/3/27, 183, 87
2021/3/28, 163, 71
2021/3/29, 144, 
2021/3/31, 190, 72
2020/10/3, 66, 27
2020/10/4, 64, 23
2020/10/5, 60, 27
2020/10/6, 63, 30
2020/10/7, 60, 36
2020/10/8, 64, 39
2020/10/9, 67, 31
2020/10/10, 67, 30
2020/10/11, 61, 27
2020/10/12, 56, 26
2020/10/13, 52, 25
2020/10/14, 56, 32
2020/10/15, 60, 28
2020/10/16, 62, 32
2020/10/17, 59, 26
2020/10/18, 56, 31
2020/10/19, 57, 30
2020/10/20, 59, 26
2020/10/21, 61, 21
2020/10/22, 50, 25
2020/10/23, 54, 8
2020/10/24, 33, 
2020/10/26, 35, 19
2020/10/27, 31, 16
2020/10/28, 24, 19
2020/10/29, 30, 16
2020/10/30, 31, 27
2020/10/31, 40, 24
2020/11/1, 38, 24
2020/11/2, 47, 21
2020/11/3, 44, 17
2020/11/4, 44, 21
2020/11/5, 59, 25
2020/11/6, 58, 25
2020/11/7, 64, 33
2020/11/8, 57, 35
2020/11/9, 53, 61
2020/11/10, 46, 50
2020/11/11, 46, 33
2020/11/12, 54, 12
2020/11/13, 35, 12
2020/11/14, 35, 12
2020/11/15, 35, 12
2020/11/16, 35, 12
2020/11/17, 35, 12
2020/11/18, 35, 
2020/11/24, 165, 94
2020/11/25, 163, 90
2020/11/26, 157, 108
2020/11/27, 173, 93
2020/11/28, 153, 99
2020/11/29, 159, 86
2020/11/30, 153, 75
2020/12/1, 143, 79
2020/12/2, 144, 76
2020/12/3, 140, 74
2020/12/4, 143, 66
2020/12/5, 142, 69
2020/12/6, 149, 76
2020/12/7, 159, 82
2020/12/8, 165, 86
2020/12/9, 171, 84
2020/12/10, 166, 82
2020/12/11, 162, 89
2020/12/12, 152, 87
2020/12/13, 151, 84
2020/12/14, 151, 93
2020/12/15, 148, 112
2020/12/16, 157, 92
2020/12/17, 158, 97
2020/12/18, 165, 96
2020/12/19, 173, 85
2020/12/20, 169, 
2020/12/25, 144, 93
2020/12/26, 166, 
2020/12/30, 169, 
2021/1/1, 178, 84
2021/1/2, 177, 
2020/7/1, 67, 28
2020/7/2, 63, 16
2020/7/3, 58, 
2020/7/7, 39, 10
2020/7/8, 27, 11
2020/7/9, 39, 11
2020/7/10, 39, 7
2020/7/11, 27, 
2020/7/13, 41, 15
2020/7/14, 43, 17
2020/7/15, 46, 15
2020/7/16, 39, 14
2020/7/17, 36, 9
2020/7/18, 39, 9
2020/7/19, 37, 9
2020/7/20, 34, 12
2020/7/21, 45, 13
2020/7/22, 35, 11
2020/7/23, 38, 12
2020/7/24, 38, 15
2020/7/25, 41, 19
2020/7/26, 55, 17
2020/7/27, 48, 14
2020/7/28, 44, 21
2020/7/29, 46, 15
2020/7/30, 44, 18
2020/7/31, 45, 14
2020/8/1, 42, 15
2020/8/2, 43, 14
2020/8/3, 43, 18
2020/8/4, 47, 7
2020/8/5, 24, 8
2020/8/6, 20, 11
2020/8/7, 31, 9
2020/8/8, 33, 11
2020/8/9, 34, 18
2020/8/10, 46, 6
2020/8/11, 27, 
2020/8/14, 33, 11
2020/8/15, 38, 12
2020/8/16, 32, 11
2020/8/17, 36, 10
2020/8/18, 39, 11
2020/8/19, 35, 7
2020/8/20, 26, 7
2020/8/21, 22, 7
2020/8/22, 22, 9
2020/8/23, 31, 10
2020/8/24, 39, 8
2020/8/25, 30, 9
2020/8/26, 34, 9
2020/8/27, 34, 8
2020/8/28, 30, 8
2020/8/29, 31, 13
2020/8/30, 49, 11
2020/8/31, 44, 13
2020/9/1, 48, 9
2020/9/2, 36, 9
2020/9/3, 37, 12
2020/9/4, 44, 13
2020/9/5, 47, 14
2020/9/6, 52, 15
2020/9/7, 53, 14
2020/9/8, 51, 14
2020/9/9, 50, 14
2020/9/10, 51, 13
2020/9/11, 50, 12
2020/9/12, 42, 
2020/9/17, 70, 18
2020/9/18, 58, 18
2020/9/19, 56, 28
2020/9/20, 63, 18
2020/9/21, 51, 19
2020/9/22, 62, 5
2020/9/23, 22, 8
2020/9/24, 35, 12
2020/9/25, 32, 12
2020/9/26, 34, 20
2020/9/27, 45, 27
2020/9/28, 58, 31
2020/9/29, 72, 
2020/4/1, 94, 26
2020/4/2, 71, 31
2020/4/3, 87, 37
2020/4/4, 106, 41
2020/4/5, 114, 51
2020/4/6, 125, 47
2020/4/7, 123, 54
2020/4/8, 128, 44
2020/4/9, 105, 45
2020/4/10, 119, 62
2020/4/11, 155, 55
2020/4/12, 147, 50
2020/4/13, 138, 39
2020/4/14, 111, 22
2020/4/15, 70, 32
2020/4/16, 91, 33
2020/4/17, 99, 22
2020/4/18, 70, 23
2020/4/19, 67, 20
2020/4/20, 65, 10
2020/4/21, 39, 13
2020/4/22, 52, 23
2020/4/23, 77, 30
2020/4/24, 95, 
2020/4/27, 65, 19
2020/4/28, 65, 18
2020/4/29, 67, 18
2020/4/30, 65, 19
2020/5/1, 68, 17
2020/5/2, 62, 22
2020/5/3, 77, 18
2020/5/4, 66, 
2020/5/6, 40, 13
2020/5/7, 49, 17
2020/5/8, 60, 17
2020/5/9, 61, 23
2020/5/10, 72, 33
2020/5/11, 96, 23
2020/5/12, 76, 20
2020/5/13, 66, 22
2020/5/14, 70, 23
2020/5/15, 77, 25
2020/5/16, 80, 22
2020/5/17, 69, 23
2020/5/18, 71, 17
2020/5/19, 60, 13
2020/5/20, 55, 14
2020/5/21, 55, 16
2020/5/22, 61, 14
2020/5/23, 53, 15
2020/5/24, 53, 20
2020/5/25, 60, 
2020/5/27, 85, 20
2020/5/28, 59, 13
2020/5/29, 41, 19
2020/5/30, 57, 19
2020/5/31, 60, 19
2020/6/1, 64, 14
2020/6/2, 58, 25
2020/6/3, 63, 20
2020/6/4, 70, 11
2020/6/5, 45, 9
2020/6/6, 34, 10
2020/6/7, 37, 9
2020/6/8, 30, 28
2020/6/9, 62, 12
2020/6/10, 39, 18
2020/6/11, 56, 15
2020/6/12, 48, 12
2020/6/13, 40, 12
2020/6/14, 22, 10
2020/6/15, 34, 10
2020/6/16, 30, 10
2020/6/17, 31, 10
2020/6/18, 33, 13
2020/6/19, 45, 
2020/6/23, 79, 22
2020/6/24, 54, 18
2020/6/25, 56, 11
2020/6/26, 33, 14
2020/6/27, 41, 15
2020/6/28, 47, 18
2020/6/29, 44, 24
2020/6/30, 61, 27
2020/1/1, 199, 107
2020/1/2, 201, 82
2020/1/3, 179, 57
2020/1/4, 146, 56
2020/1/5, 123, 70
2020/1/6, 155, 70
2020/1/7, 164, 73
2020/1/8, 171, 60
2020/1/9, 154, 61
2020/1/10, 146, 73
2020/1/11, 159, 70
2020/1/12, 167, 82
2020/1/13, 166, 84
2020/1/14, 165, 74
2020/1/15, 154, 73
2020/1/16, 165, 43
2020/1/17, 125, 80
2020/1/18, 154, 82
2020/1/19, 150, 82
2020/1/20, 154, 107
2020/1/21, 185, 102
2020/1/22, 171, 81
2020/1/23, 152, 81
2020/1/24, 154, 85
2020/1/25, 172, 82
2020/1/26, 172, 89
2020/1/27, 172, 99
2020/1/28, 175, 77
2020/1/29, 154, 83
2020/1/30, 161, 75
2020/1/31, 155, 83
2020/2/1, 154, 72
2020/2/2, 152, 81
2020/2/3, 162, 81
2020/2/4, 165, 75
2020/2/5, 154, 92
2020/2/6, 163, 88
2020/2/7, 163, 96
2020/2/8, 156, 89
2020/2/9, 159, 77
2020/2/10, 155, 77
2020/2/11, 161, 77
2020/2/12, 159, 81
2020/2/13, 159, 79
2020/2/14, 160, 74
2020/2/15, 165, 86
2020/2/16, 176, 86
2020/2/17, 174, 82
2020/2/18, 170, 77
2020/2/19, 167, 82
2020/2/20, 174, 71
2020/2/21, 166, 55
2020/2/22, 126, 80
2020/2/23, 140, 68
2020/2/24, 121, 72
2020/2/25, 117, 26
2020/2/26, 63, 48
2020/2/27, 84, 60
2020/2/28, 109, 42
2020/2/29, 107, 68
2020/3/1, 105, 61
2020/3/2, 112, 36
2020/3/3, 90, 50
2020/3/4, 101, 56
2020/3/5, 114, 55
2020/3/6, 101, 40
2020/3/7, 87, 39
2020/3/8, 112, 45
2020/3/9, 94, 48
2020/3/10, 93, 58
2020/3/11, 105, 60
2020/3/12, 98, 52
2020/3/13, 105, 24
2020/3/14, 77, 72
2020/3/15, 90, 53
2020/3/16, 90, 59
2020/3/17, 103, 
2020/3/30, 82, 34
2020/3/31, 89, 34
2019/10/3, 18, 4
2019/10/4, 16, 
2019/10/15, 37, 7
2019/10/16, 29, 7
2019/10/17, 28, 
2019/10/23, 157, 84
2019/10/24, 140, 97
2019/10/25, 160, 76
2019/10/26, 140, 66
2019/10/27, 134, 64
2019/10/28, 148, 
2019/10/31, 114, 71
2019/11/1, 132, 86
2019/11/2, 165, 
2019/11/4, 132, 69
2019/11/5, 123, 86
2019/11/6, 155, 78
2019/11/7, 140, 92
2019/11/8, 154, 82
2019/11/9, 152, 70
2019/11/10, 115, 70
2019/11/11, 129, 78
2019/11/12, 148, 74
2019/11/13, 131, 74
2019/11/14, 97, 82
2019/11/15, 125, 75
2019/11/16, 132, 75
2019/11/17, 137, 84
2019/11/18, 143, 96
2019/11/19, 163, 95
2019/11/20, 164, 94
2019/11/21, 166, 88
2019/11/22, 160, 95
2019/11/23, 165, 93
2019/11/24, 171, 85
2019/11/25, 163, 94
2019/11/26, 167, 101
2019/11/27, 166, 94
2019/11/28, 154, 114
2019/11/29, 169, 
2019/12/1, 166, 76
2019/12/2, 148, 77
2019/12/3, 153, 83
2019/12/4, 161, 95
2019/12/5, 170, 91
2019/12/6, 164, 104
2019/12/7, 157, 124
2019/12/8, 161, 90
2019/12/9, 154, 76
2019/12/10, 142, 67
2019/12/11, 144, 78
2019/12/12, 165, 57
2019/12/13, 145, 48
2019/12/14, 113, 61
2019/12/15, 144, 63
2019/12/16, 140, 58
2019/12/17, 135, 65
2019/12/18, 144, 65
2019/12/19, 151, 96
2019/12/20, 165, 91
2019/12/21, 170, 84
2019/12/22, 142, 78
2019/12/23, 143, 74
2019/12/24, 159, 91
2019/12/25, 160, 83
2019/12/26, 157, 79
2019/12/27, 155, 90
2019/12/28, 177, 98
2019/12/29, 183, 
2019/7/1, 38, 5
2019/7/2, 16, 
2019/7/5, 25, 2
2019/7/6, 8, 2
2019/7/7, 8, 3
2019/7/8, 10, 2
2019/7/9, 8, 2
2019/7/10, 9, 2
2019/7/11, 6, 1
2019/7/12, 2, 
2019/4/1, 44, 
2019/4/2, 78, 
2019/4/4, 62, 
2019/4/6, 7, 
2019/4/7, 94, 
2019/4/8, 115, 
2019/4/9, 128, 
2019/4/10, 124, 
2019/4/11, 117, 
2019/4/12, 131, 
2019/4/13, 125, 
2019/4/14, 125, 
2019/4/19, 98, 
2019/4/20, 125, 
2019/4/21, 150, 
2019/4/22, 154, 
2019/4/23, 150, 
2019/4/24, 148, 
2019/4/25, 139, 
2019/4/26, 135, 
2019/4/27, 142, 
2019/4/28, 139, 
2019/4/29, 156, 
2019/5/3, 143, 
2019/5/4, 102, 
2019/5/5, 112, 
2019/5/6, 142, 
2019/5/7, 156, 
2019/5/8, 160, 
2019/5/9, 167, 
2019/5/10, 162, 
2019/5/11, 148, 
2019/5/12, 106, 
2019/6/8, 2, 1
2019/6/9, 1, 1
2019/6/10, 2, 1
2019/6/11, 1, 1
2019/6/12, 1, 1
2019/6/13, 1, 1
2019/6/14, 1, 1
2019/6/15, 1, 1
2019/6/16, 1, 
2019/6/20, 21, 7
2019/6/21, 22, 3
2019/6/22, 13, 4
2019/6/23, 15, 5
2019/6/24, 17, 5
2019/6/25, 18, 7
2019/6/26, 24, 5
2019/6/27, 18, 7
2019/6/28, 24, 8
2019/6/29, 26, 8
2019/6/30, 27, 13
2019/2/6, 98, 
2019/2/7, 40, 
2019/2/8, 60, 
2019/2/9, 45, 
2019/2/12, 131, 
2019/2/13, 135, 
2019/2/14, 152, 
2019/2/15, 130, 
2019/2/16, 93, 
2019/2/17, 76, 
2019/2/18, 94, 
2019/2/19, 89, 
2019/2/20, 107, 
2019/2/21, 118, 
2019/2/22, 106, 
2019/2/23, 97, 
2019/2/24, 99, 
2019/2/25, 71, 
2019/2/26, 86, 
2019/2/27, 69, 
2019/2/28, 50, 
2019/3/1, 86, 
2019/3/2, 107, 
2019/3/3, 106, 
2019/3/4, 115, 
2019/3/5, 98, 
2019/3/6, 90, 
2019/3/7, 104, 
2019/3/8, 108, 
2019/3/9, 107, 
2019/3/10, 108, 
2019/3/11, 102, 
2019/3/12, 114, 
2019/3/13, 128, 
2019/3/14, 106, 
2019/3/15, 107, 
2019/3/16, 115, 
2019/3/17, 123, 
2019/3/18, 123, 
2019/3/19, 114, 
2019/3/20, 101, 
2019/3/21, 95, 
2019/3/22, 116, 
2019/3/23, 128, 
2019/3/24, 146, 
2019/3/25, 118, 
2019/3/26, 30, 
2019/3/27, 43, 
2019/3/28, 60, 
2019/3/29, 45, 
2019/3/30, 37, 
2019/3/31, 54, 
2018/10/1, 128, 82
2018/10/2, 129, 79
2018/10/3, 132, 87
2018/10/4, 141, 90
2018/10/5, 139, 87
2018/10/6, 133, 92
2018/10/7, 135, 104
2018/10/8, 135, 87
2018/10/9, 142, 91
2018/10/10, 149, 90
2018/10/11, 131, 92
2018/10/12, 115, 72
2018/10/13, 95, 105
2018/10/14, 127, 96
2018/10/15, 137, 90
2018/10/16, 143, 73
2018/10/17, 156, 83
2018/10/18, 146, 74
2018/10/19, 131, 77
2018/10/20, 136, 75
2018/10/21, 134, 91
2018/10/22, 130, 103
2018/10/23, 140, 133
2018/10/24, 149, 105
2018/10/25, 151, 153
2018/10/26, 152, 144
2018/10/27, 147, 125
2018/10/28, 140, 108
2018/10/29, 139, 149
2018/10/30, 147, 197
2018/10/31, 155, 135
2018/11/1, 150, 121
2018/11/2, 140, 108
2018/11/3, 146, 146
2018/11/4, 155, 168
2018/11/5, 159, 132
2018/11/6, 156, 101
2018/11/7, 153, 94
2018/11/8, 154, 83
2018/11/9, 148, 77
2018/11/10, 137, 86
2018/11/11, 136, 93
2018/11/12, 144, 98
2018/11/13, 159, 104
2018/11/14, 159, 139
2018/11/15, 164, 154
2018/11/16, 166, 118
2018/11/17, 165, 112
2018/11/18, 168, 118
2018/11/19, 178, 127
2018/11/20, 188, 126
2018/11/21, 186, 139
2018/11/22, 182, 128
2018/11/23, 176, 119
2018/11/24, 172, 177
2018/11/25, 180, 120
2018/11/26, 165, 124
2018/11/27, 166, 129
2018/11/28, 171, 112
2018/11/29, 166, 93
2018/11/30, 157, 83
2018/12/1, 153, 87
2018/12/2, 157, 92
2018/12/3, 165, 89
2018/12/4, 163, 95
2018/12/5, 172, 81
2018/12/6, 156, 73
2018/12/7, 147, 75
2018/12/8, 152, 75
2018/12/9, 153, 60
2018/12/10, 132, 62
2018/12/11, 127, 58
2018/12/12, 125, 72
2018/12/13, 143, 72
2018/12/14, 144, 67
2018/12/15, 146, 68
2018/12/16, 144, 63
2018/12/17, 159, 52
2018/12/18, 105, 71
2018/12/19, 149, 63
2018/12/20, 155, 51
2018/12/21, 151, 63
2018/8/20, 82, 51
2018/8/21, 73, 46
2018/8/22, 58, 35
2018/8/23, 56, 38
2018/8/24, 55, 32
2018/8/25, 61, 52
2018/8/26, 75, 28
2018/8/27, 51, 30
2018/8/28, 64, 33
2018/8/29, 62, 35
2018/8/30, 61, 38
2018/8/31, 61, 38
2018/9/1, 66, 55
2018/9/2, 69, 55
2018/9/3, 82, 61
2018/9/4, 78, 54
2018/9/5, 79, 44
2018/9/6, 75, 50
2018/9/7, 68, 47
2018/9/8, 71, 48
2018/9/9, 73, 35
2018/9/10, 64, 38
2018/9/11, 72, 54
2018/9/12, 85, 61
2018/9/13, 87, 63
2018/9/14, 98, 60
2018/9/15, 100, 55
2018/9/16, 90, 57
2018/9/17, 87, 61
2018/9/18, 89, 58
2018/9/19, 88, 59
2018/9/20, 91, 38
2018/9/21, 71, 54
2018/9/22, 85, 56
2018/9/23, 82, 65
2018/9/24, 98, 73
2018/9/25, 106, 70
2018/9/26, 111, 69
2018/9/27, 100, 74
2018/9/28, 108, 71
2018/9/29, 117, 75
2018/9/30, 119, 89
2017/4/10, 163, 354
2017/4/11, 181, 365
2017/4/12, 193, 402
2017/4/14, 183, 338
2017/4/15, 113, 52
2017/4/16, 138, 208
2017/4/17, 141, 130
2017/4/18, 152, 147
2017/4/19, 152, 138
2017/4/20, 141, 97
2017/4/21, 123, 92
2017/4/22, 117, 52
2017/4/23, 108, 73
2017/4/24, 115, 136
2017/4/25, 141, 193
2017/4/26, 139, 278
2017/4/27, 138, 213
2017/4/28, 152, 198
2017/4/29, 154, 106
2017/4/30, 117, 176
2017/5/1, 121, 77
2017/5/2, 125, 104
2017/5/3, 135, 120
2017/5/4, 122, 81
2017/5/5, 99, 62
2017/5/11, 125, 87
2017/5/12, 115, 73
2017/5/13, 97, 68
2017/5/14, 83, 46
2017/5/15, 90, 48
2017/5/16, 104, 63
2017/5/17, 99, 35
2017/5/18, 106, 53
2017/5/19, 98, 76
2017/5/20, 113, 87
2017/5/21, 123, 101
2017/5/22, 97, 76
2017/5/23, 117, 93
2017/5/24, 130, 117
2017/5/25, 124, 100
2017/5/26, 123, 81
2017/6/1, 70, 79
2017/6/2, 92, 89
2017/1/2, 98, 58
2017/1/3, 127, 75
2017/1/4, 149, 75
2017/1/5, 154, 65
2017/1/6, 138, 74
2017/1/7, 153, 71
2017/1/8, 149, 86
2017/1/9, 162, 73
2017/1/10, 155, 70
2017/1/11, 152, 75
2017/1/12, 161, 79
2017/1/13, 171, 
2017/1/18, 147, 85
2017/1/19, 154, 95
2017/1/20, 166, 87
2017/1/21, 163, 83
2017/1/22, 164, 82
2017/1/23, 168, 81
2017/1/24, 167, 88
2017/1/25, 164, 88
2017/1/26, 162, 60
2017/1/27, 130, 63
2017/1/28, 116, 86
2017/1/29, 169, 62
2017/1/30, 117, 
2017/2/1, 162, 71
2017/2/2, 154, 78
2017/2/3, 159, 86
2017/2/4, 162, 84
2017/2/5, 157, 92
2017/2/6, 173, 71
2017/2/7, 149, 71
2017/2/8, 145, 76
2017/2/9, 148, 73
2017/2/10, 144, 84
2017/2/11, 156, 85
2017/2/12, 155, 86
2017/2/13, 157, 82
2017/2/14, 157, 82
2017/2/15, 163, 90
2017/2/16, 171, 82
2017/2/17, 162, 84
2017/2/18, 160, 80
2017/2/19, 162, 80
2017/2/20, 163, 73
2017/2/21, 145, 84
2017/2/22, 156, 61
2017/2/23, 126, 46
2017/2/24, 123, 53
2017/2/25, 152, 
2016/12/6, 141, 76
2016/12/7, 144, 87
2016/12/8, 144, 85
2016/12/9, 148, 87
2016/12/10, 147, 78
2016/12/11, 142, 70
2016/12/12, 139, 72
2016/12/13, 136, 65
2016/12/14, 131, 58
2016/12/15, 112, 52
2016/12/16, 134, 66
2016/12/17, 119, 51
2016/12/18, 122, 53
2016/12/19, 108, 44
2016/12/20, 116, 52
2016/12/21, 118, 53
2016/12/22, 100, 47
2016/12/23, 123, 67
2016/12/24, 144, 72
2016/12/25, 143, 68
2016/12/26, 150, 69
2016/12/27, 160, 80
2016/12/28, 162, 81
2016/12/29, 167, 76
2017/1/1, 163, 70
2024/3/9, , 97
2023/10/16, , 40
2023/11/6, , 40
2023/11/7, , 35
2023/11/8, , 36
2023/11/9, , 42
2023/11/10, , 47
2023/11/11, , 39
2023/11/12, , 35
2023/11/13, , 29
2023/11/14, , 25
2023/11/15, , 23
2023/11/16, , 22
2023/11/17, , 17
2023/11/18, , 21
2023/11/19, , 24
2023/11/20, , 25
2023/11/21, , 24
2023/11/22, , 28
2023/11/23, , 27
2023/11/24, , 27
2023/11/25, , 27
2023/11/26, , 30
2023/11/27, , 26
2023/11/28, , 25
2023/11/29, , 38
2023/11/30, , 31
2023/12/1, , 29
2023/12/2, , 24
2023/12/3, , 39
2023/12/4, , 36
2023/8/21, , 8
2023/9/21, , 11
2023/4/11, , 125
2023/1/1, , 46
2023/2/11, , 58
2023/2/26, , 76
2022/10/18, , 45
2022/11/30, , 50
2022/7/19, , 18
2022/9/10, , 36
2022/9/16, , 41
2022/4/20, , 63
2022/6/29, , 38
2022/2/3, , 11
2021/11/18, , 84
2021/7/19, , 27
2021/7/28, , 20
2021/1/5, , 50
2021/1/7, , 93
2021/1/19, , 73
2021/3/3, , 70
2021/3/8, , 48
2021/3/19, , 83
2021/3/30, , 124
2020/10/2, , 30
2020/10/25, , 19
2020/11/23, , 108
2020/12/24, , 102
2020/12/29, , 90
2020/12/31, , 118
2020/7/6, , 11
2020/7/12, , 14
2020/8/13, , 9
2020/9/16, , 23
2020/4/26, , 18
2020/5/5, , 10
2020/5/26, , 31
2020/6/22, , 32
2019/12/31, , 111
2019/10/2, , 5
2019/10/14, , 9
2019/10/22, , 113
2019/10/30, , 67
2019/11/3, , 63
2019/11/30, , 85
2019/7/4, , 15
2019/6/7, , 1
2019/6/19, , 8
2018/12/22, , 64
2018/12/23, , 60
2018/8/19, , 70
2017/4/9, , 261
2017/5/9, , 71
2017/5/10, , 95
2017/1/17, , 88
2017/1/31, , 77
2016/12/3, , 108
2016/12/4, , 121
2016/12/5, , 83