cityname,aqi,time
"Shankapark, Nepal",62,2025-08-04 22:00:00
"Birendra School, Bhaktapur, Nepal",28,2025-08-04 22:00:00
"Hetauda, Nepal",14,2025-08-04 22:00:00
"Dhangadhi, Nepal",9,2025-08-04 22:00:00
"Khumaltar, Nepal",8,2025-08-04 22:00:00
"Nepalgunj, Nepal",8,2025-08-04 22:00:00
"GBS, Pkr, Nepal",-,2025-07-09 16:00:00
"Bhaisipati, KTM, Nepal",-,2025-06-22 19:00:00
"Janakpur, Nepal",-,2025-04-14 19:46:00
"Dhankuta, Nepal",-,2025-03-15 02:00:00
"Dhulikhel, Kavre, Nepal",-,2025-03-12 09:00:00
"US Embassy, Kathmandu, Nepal",-,2025-03-04 17:00:00
"US Embassy, Phora Durbar, Kathmandu, Nepal",-,2025-03-04 16:00:00
"Bhimdatta (Mahendranagar), Nepal",-,2024-12-14 21:00:00
"TU Kritipur, Nepal",-,2024-08-14 19:00:00
"Ratnapark, Kathmandu, Nepal",-,2024-04-30 15:00:00
"Jhumka, Sunsari, Nepal",-,2022-05-25 07:00:00
"Biratnagar, Nepal",-,2022-05-25 07:00:00
"Shankha Park, KTM, Nepal",-,2022-02-13 18:00:00
"Gandaki Boarding School, PKR, Nepal",-,2022-02-13 18:00:00
"DHM Pokhara, Nepal",-,2022-02-13 18:00:00
"Shankapark, Nepal",62,2025-08-04 22:00:00
"Birendra School, Bhaktapur, Nepal",28,2025-08-04 22:00:00
"Hetauda, Nepal",14,2025-08-04 22:00:00
"Dhangadhi, Nepal",9,2025-08-04 22:00:00
"Khumaltar, Nepal",8,2025-08-04 22:00:00
"Nepalgunj, Nepal",8,2025-08-04 22:00:00
"GBS, Pkr, Nepal",-,2025-07-09 16:00:00
"Bhaisipati, KTM, Nepal",-,2025-06-22 19:00:00
"Janakpur, Nepal",-,2025-04-14 19:46:00
"Dhankuta, Nepal",-,2025-03-15 02:00:00
"Dhulikhel, Kavre, Nepal",-,2025-03-12 09:00:00
"US Embassy, Kathmandu, Nepal",-,2025-03-04 17:00:00
"US Embassy, Phora Durbar, Kathmandu, Nepal",-,2025-03-04 16:00:00
"Bhimdatta (Mahendranagar), Nepal",-,2024-12-14 21:00:00
"TU Kritipur, Nepal",-,2024-08-14 19:00:00
"Ratnapark, Kathmandu, Nepal",-,2024-04-30 15:00:00
"Jhumka, Sunsari, Nepal",-,2022-05-25 07:00:00
"Biratnagar, Nepal",-,2022-05-25 07:00:00
"Shankha Park, KTM, Nepal",-,2022-02-13 18:00:00
"Gandaki Boarding School, PKR, Nepal",-,2022-02-13 18:00:00
"DHM Pokhara, Nepal",-,2022-02-13 18:00:00
"Shankapark, Nepal",62,2025-08-04 22:00:00
"Birendra School, Bhaktapur, Nepal",28,2025-08-04 22:00:00
"Hetauda, Nepal",14,2025-08-04 22:00:00
"Dhangadhi, Nepal",9,2025-08-04 22:00:00
"Khumaltar, Nepal",8,2025-08-04 22:00:00
"Nepalgunj, Nepal",8,2025-08-04 22:00:00
"GBS, Pkr, Nepal",-,2025-07-09 16:00:00
"Bhaisipati, KTM, Nepal",-,2025-06-22 19:00:00
"Janakpur, Nepal",-,2025-04-14 19:46:00
"Dhankuta, Nepal",-,2025-03-15 02:00:00
"Dhulikhel, Kavre, Nepal",-,2025-03-12 09:00:00
"US Embassy, Kathmandu, Nepal",-,2025-03-04 17:00:00
"US Embassy, Phora Durbar, Kathmandu, Nepal",-,2025-03-04 16:00:00
"Bhimdatta (Mahendranagar), Nepal",-,2024-12-14 21:00:00
"TU Kritipur, Nepal",-,2024-08-14 19:00:00
"Ratnapark, Kathmandu, Nepal",-,2024-04-30 15:00:00
"Jhumka, Sunsari, Nepal",-,2022-05-25 07:00:00
"Biratnagar, Nepal",-,2022-05-25 07:00:00
"Shankha Park, KTM, Nepal",-,2022-02-13 18:00:00
"Gandaki Boarding School, PKR, Nepal",-,2022-02-13 18:00:00
"DHM Pokhara, Nepal",-,2022-02-13 18:00:00
"Shankapark, Nepal",62,2025-08-04 22:00:00
"Birendra School, Bhaktapur, Nepal",28,2025-08-04 22:00:00
"Hetauda, Nepal",14,2025-08-04 22:00:00
"Dhangadhi, Nepal",9,2025-08-04 22:00:00
"Khumaltar, Nepal",8,2025-08-04 22:00:00
"Nepalgunj, Nepal",8,2025-08-04 22:00:00
"GBS, Pkr, Nepal",-,2025-07-09 16:00:00
"Bhaisipati, KTM, Nepal",-,2025-06-22 19:00:00
"Janakpur, Nepal",-,2025-04-14 19:46:00
"Dhankuta, Nepal",-,2025-03-15 02:00:00
"Dhulikhel, Kavre, Nepal",-,2025-03-12 09:00:00
"US Embassy, Kathmandu, Nepal",-,2025-03-04 17:00:00
"US Embassy, Phora Durbar, Kathmandu, Nepal",-,2025-03-04 16:00:00
"Bhimdatta (Mahendranagar), Nepal",-,2024-12-14 21:00:00
"TU Kritipur, Nepal",-,2024-08-14 19:00:00
"Ratnapark, Kathmandu, Nepal",-,2024-04-30 15:00:00
"Jhumka, Sunsari, Nepal",-,2022-05-25 07:00:00
"Biratnagar, Nepal",-,2022-05-25 07:00:00
"Shankha Park, KTM, Nepal",-,2022-02-13 18:00:00
"Gandaki Boarding School, PKR, Nepal",-,2022-02-13 18:00:00
"DHM Pokhara, Nepal",-,2022-02-13 18:00:00
"Shankapark, Nepal",62,2025-08-04 22:00:00
"Birendra School, Bhaktapur, Nepal",28,2025-08-04 22:00:00
"Hetauda, Nepal",14,2025-08-04 22:00:00
"Dhangadhi, Nepal",9,2025-08-04 22:00:00
"Khumaltar, Nepal",8,2025-08-04 22:00:00
"Nepalgunj, Nepal",8,2025-08-04 22:00:00
"GBS, Pkr, Nepal",-,2025-07-09 16:00:00
"Bhaisipati, KTM, Nepal",-,2025-06-22 19:00:00
"Janakpur, Nepal",-,2025-04-14 19:46:00
"Dhankuta, Nepal",-,2025-03-15 02:00:00
"Dhulikhel, Kavre, Nepal",-,2025-03-12 09:00:00
"US Embassy, Kathmandu, Nepal",-,2025-03-04 17:00:00
"US Embassy, Phora Durbar, Kathmandu, Nepal",-,2025-03-04 16:00:00
"Bhimdatta (Mahendranagar), Nepal",-,2024-12-14 21:00:00
"TU Kritipur, Nepal",-,2024-08-14 19:00:00
"Ratnapark, Kathmandu, Nepal",-,2024-04-30 15:00:00
"Jhumka, Sunsari, Nepal",-,2022-05-25 07:00:00
"Biratnagar, Nepal",-,2022-05-25 07:00:00
"Shankha Park, KTM, Nepal",-,2022-02-13 18:00:00
"Gandaki Boarding School, PKR, Nepal",-,2022-02-13 18:00:00
"DHM Pokhara, Nepal",-,2022-02-13 18:00:00
"Shankapark, Nepal",62,2025-08-04 22:00:00
"Birendra School, Bhaktapur, Nepal",28,2025-08-04 22:00:00
"Hetauda, Nepal",14,2025-08-04 22:00:00
"Dhangadhi, Nepal",9,2025-08-04 22:00:00
"Khumaltar, Nepal",8,2025-08-04 22:00:00
"Nepalgunj, Nepal",8,2025-08-04 22:00:00
"GBS, Pkr, Nepal",-,2025-07-09 16:00:00
"Bhaisipati, KTM, Nepal",-,2025-06-22 19:00:00
"Janakpur, Nepal",-,2025-04-14 19:46:00
"Dhankuta, Nepal",-,2025-03-15 02:00:00
"Dhulikhel, Kavre, Nepal",-,2025-03-12 09:00:00
"US Embassy, Kathmandu, Nepal",-,2025-03-04 17:00:00
"US Embassy, Phora Durbar, Kathmandu, Nepal",-,2025-03-04 16:00:00
"Bhimdatta (Mahendranagar), Nepal",-,2024-12-14 21:00:00
"TU Kritipur, Nepal",-,2024-08-14 19:00:00
"Ratnapark, Kathmandu, Nepal",-,2024-04-30 15:00:00
"Jhumka, Sunsari, Nepal",-,2022-05-25 07:00:00
"Biratnagar, Nepal",-,2022-05-25 07:00:00
"Shankha Park, KTM, Nepal",-,2022-02-13 18:00:00
"Gandaki Boarding School, PKR, Nepal",-,2022-02-13 18:00:00
"DHM Pokhara, Nepal",-,2022-02-13 18:00:00
"Shankapark, Nepal",62,2025-08-04 22:00:00
"Birendra School, Bhaktapur, Nepal",28,2025-08-04 22:00:00
"Hetauda, Nepal",14,2025-08-04 22:00:00
"Dhangadhi, Nepal",9,2025-08-04 22:00:00
"Khumaltar, Nepal",8,2025-08-04 22:00:00
"Nepalgunj, Nepal",8,2025-08-04 22:00:00
"GBS, Pkr, Nepal",-,2025-07-09 16:00:00
"Bhaisipati, KTM, Nepal",-,2025-06-22 19:00:00
"Janakpur, Nepal",-,2025-04-14 19:46:00
"Dhankuta, Nepal",-,2025-03-15 02:00:00
"Dhulikhel, Kavre, Nepal",-,2025-03-12 09:00:00
"US Embassy, Kathmandu, Nepal",-,2025-03-04 17:00:00
"US Embassy, Phora Durbar, Kathmandu, Nepal",-,2025-03-04 16:00:00
"Bhimdatta (Mahendranagar), Nepal",-,2024-12-14 21:00:00
"TU Kritipur, Nepal",-,2024-08-14 19:00:00
"Ratnapark, Kathmandu, Nepal",-,2024-04-30 15:00:00
"Jhumka, Sunsari, Nepal",-,2022-05-25 07:00:00
"Biratnagar, Nepal",-,2022-05-25 07:00:00
"Shankha Park, KTM, Nepal",-,2022-02-13 18:00:00
"Gandaki Boarding School, PKR, Nepal",-,2022-02-13 18:00:00
"DHM Pokhara, Nepal",-,2022-02-13 18:00:00
"Shankapark, Nepal",62,2025-08-04 22:00:00
"Birendra School, Bhaktapur, Nepal",28,2025-08-04 22:00:00
"Hetauda, Nepal",14,2025-08-04 22:00:00
"Dhangadhi, Nepal",9,2025-08-04 22:00:00
"Khumaltar, Nepal",8,2025-08-04 22:00:00
"Nepalgunj, Nepal",8,2025-08-04 22:00:00
"GBS, Pkr, Nepal",-,2025-07-09 16:00:00
"Bhaisipati, KTM, Nepal",-,2025-06-22 19:00:00
"Janakpur, Nepal",-,2025-04-14 19:46:00
"Dhankuta, Nepal",-,2025-03-15 02:00:00
"Dhulikhel, Kavre, Nepal",-,2025-03-12 09:00:00
"US Embassy, Kathmandu, Nepal",-,2025-03-04 17:00:00
"US Embassy, Phora Durbar, Kathmandu, Nepal",-,2025-03-04 16:00:00
"Bhimdatta (Mahendranagar), Nepal",-,2024-12-14 21:00:00
"TU Kritipur, Nepal",-,2024-08-14 19:00:00
"Ratnapark, Kathmandu, Nepal",-,2024-04-30 15:00:00
"Jhumka, Sunsari, Nepal",-,2022-05-25 07:00:00
"Biratnagar, Nepal",-,2022-05-25 07:00:00
"Shankha Park, KTM, Nepal",-,2022-02-13 18:00:00
"Gandaki Boarding School, PKR, Nepal",-,2022-02-13 18:00:00
"DHM Pokhara, Nepal",-,2022-02-13 18:00:00
"Dhangadhi, Nepal",75,2025-08-13 12:00:00
"Shankapark, Nepal",58,2025-08-13 12:00:00
"US Embassy, Kathmandu, Nepal",46,2025-08-13 10:00:00
"Birendra School, Bhaktapur, Nepal",24,2025-08-13 12:00:00
"Khumaltar, Nepal",17,2025-08-13 12:00:00
"Nepalgunj, Nepal",11,2025-08-13 12:00:00
"Hetauda, Nepal",9,2025-08-13 12:00:00
"GBS, Pkr, Nepal",-,2025-07-09 16:00:00
"Bhaisipati, KTM, Nepal",-,2025-06-22 19:00:00
"Janakpur, Nepal",-,2025-04-14 19:46:00
"Dhankuta, Nepal",-,2025-03-15 02:00:00
"Dhulikhel, Kavre, Nepal",-,2025-03-12 09:00:00
"US Embassy, Phora Durbar, Kathmandu, Nepal",-,2025-03-04 16:00:00
"Bhimdatta (Mahendranagar), Nepal",-,2024-12-14 21:00:00
"TU Kritipur, Nepal",-,2024-08-14 19:00:00
"Ratnapark, Kathmandu, Nepal",-,2024-04-30 15:00:00
"Jhumka, Sunsari, Nepal",-,2022-05-25 07:00:00
"Biratnagar, Nepal",-,2022-05-25 07:00:00
"Shankha Park, KTM, Nepal",-,2022-02-13 18:00:00
"Gandaki Boarding School, PKR, Nepal",-,2022-02-13 18:00:00
"DHM Pokhara, Nepal",-,2022-02-13 18:00:00
"Dhangadhi, Nepal",75,2025-08-13 12:00:00
"Shankapark, Nepal",58,2025-08-13 12:00:00
"US Embassy, Kathmandu, Nepal",46,2025-08-13 10:00:00
"Birendra School, Bhaktapur, Nepal",24,2025-08-13 12:00:00
"Khumaltar, Nepal",17,2025-08-13 12:00:00
"Nepalgunj, Nepal",11,2025-08-13 12:00:00
"Hetauda, Nepal",9,2025-08-13 12:00:00
"GBS, Pkr, Nepal",-,2025-07-09 16:00:00
"Bhaisipati, KTM, Nepal",-,2025-06-22 19:00:00
"Janakpur, Nepal",-,2025-04-14 19:46:00
"Dhankuta, Nepal",-,2025-03-15 02:00:00
"Dhulikhel, Kavre, Nepal",-,2025-03-12 09:00:00
"US Embassy, Phora Durbar, Kathmandu, Nepal",-,2025-03-04 16:00:00
"Bhimdatta (Mahendranagar), Nepal",-,2024-12-14 21:00:00
"TU Kritipur, Nepal",-,2024-08-14 19:00:00
"Ratnapark, Kathmandu, Nepal",-,2024-04-30 15:00:00
"Jhumka, Sunsari, Nepal",-,2022-05-25 07:00:00
"Biratnagar, Nepal",-,2022-05-25 07:00:00
"Shankha Park, KTM, Nepal",-,2022-02-13 18:00:00
"Gandaki Boarding School, PKR, Nepal",-,2022-02-13 18:00:00
"DHM Pokhara, Nepal",-,2022-02-13 18:00:00
"Dhangadhi, Nepal",75,2025-08-13 12:00:00
"Shankapark, Nepal",58,2025-08-13 12:00:00
"US Embassy, Kathmandu, Nepal",46,2025-08-13 10:00:00
"Birendra School, Bhaktapur, Nepal",24,2025-08-13 12:00:00
"Khumaltar, Nepal",17,2025-08-13 12:00:00
"Nepalgunj, Nepal",11,2025-08-13 12:00:00
"Hetauda, Nepal",9,2025-08-13 12:00:00
"GBS, Pkr, Nepal",-,2025-07-09 16:00:00
"Bhaisipati, KTM, Nepal",-,2025-06-22 19:00:00
"Janakpur, Nepal",-,2025-04-14 19:46:00
"Dhankuta, Nepal",-,2025-03-15 02:00:00
"Dhulikhel, Kavre, Nepal",-,2025-03-12 09:00:00
"US Embassy, Phora Durbar, Kathmandu, Nepal",-,2025-03-04 16:00:00
"Bhimdatta (Mahendranagar), Nepal",-,2024-12-14 21:00:00
"TU Kritipur, Nepal",-,2024-08-14 19:00:00
"Ratnapark, Kathmandu, Nepal",-,2024-04-30 15:00:00
"Jhumka, Sunsari, Nepal",-,2022-05-25 07:00:00
"Biratnagar, Nepal",-,2022-05-25 07:00:00
"Shankha Park, KTM, Nepal",-,2022-02-13 18:00:00
"Gandaki Boarding School, PKR, Nepal",-,2022-02-13 18:00:00
"DHM Pokhara, Nepal",-,2022-02-13 18:00:00
"Dhangadhi, Nepal",75,2025-08-13 12:00:00
"Shankapark, Nepal",58,2025-08-13 12:00:00
"US Embassy, Kathmandu, Nepal",46,2025-08-13 10:00:00
"Birendra School, Bhaktapur, Nepal",24,2025-08-13 12:00:00
"Khumaltar, Nepal",17,2025-08-13 12:00:00
"Nepalgunj, Nepal",11,2025-08-13 12:00:00
"Hetauda, Nepal",9,2025-08-13 12:00:00
"GBS, Pkr, Nepal",-,2025-07-09 16:00:00
"Bhaisipati, KTM, Nepal",-,2025-06-22 19:00:00
"Janakpur, Nepal",-,2025-04-14 19:46:00
"Dhankuta, Nepal",-,2025-03-15 02:00:00
"Dhulikhel, Kavre, Nepal",-,2025-03-12 09:00:00
"US Embassy, Phora Durbar, Kathmandu, Nepal",-,2025-03-04 16:00:00
"Bhimdatta (Mahendranagar), Nepal",-,2024-12-14 21:00:00
"TU Kritipur, Nepal",-,2024-08-14 19:00:00
"Ratnapark, Kathmandu, Nepal",-,2024-04-30 15:00:00
"Jhumka, Sunsari, Nepal",-,2022-05-25 07:00:00
"Biratnagar, Nepal",-,2022-05-25 07:00:00
"Shankha Park, KTM, Nepal",-,2022-02-13 18:00:00
"Gandaki Boarding School, PKR, Nepal",-,2022-02-13 18:00:00
"DHM Pokhara, Nepal",-,2022-02-13 18:00:00
"Dhangadhi, Nepal",75,2025-08-13 12:00:00
"Shankapark, Nepal",58,2025-08-13 12:00:00
"US Embassy, Kathmandu, Nepal",46,2025-08-13 10:00:00
"Birendra School, Bhaktapur, Nepal",24,2025-08-13 12:00:00
"Khumaltar, Nepal",17,2025-08-13 12:00:00
"Nepalgunj, Nepal",11,2025-08-13 12:00:00
"Hetauda, Nepal",9,2025-08-13 12:00:00
"GBS, Pkr, Nepal",-,2025-07-09 16:00:00
"Bhaisipati, KTM, Nepal",-,2025-06-22 19:00:00
"Janakpur, Nepal",-,2025-04-14 19:46:00
"Dhankuta, Nepal",-,2025-03-15 02:00:00
"Dhulikhel, Kavre, Nepal",-,2025-03-12 09:00:00
"US Embassy, Phora Durbar, Kathmandu, Nepal",-,2025-03-04 16:00:00
"Bhimdatta (Mahendranagar), Nepal",-,2024-12-14 21:00:00
"TU Kritipur, Nepal",-,2024-08-14 19:00:00
"Ratnapark, Kathmandu, Nepal",-,2024-04-30 15:00:00
"Jhumka, Sunsari, Nepal",-,2022-05-25 07:00:00
"Biratnagar, Nepal",-,2022-05-25 07:00:00
"Shankha Park, KTM, Nepal",-,2022-02-13 18:00:00
"Gandaki Boarding School, PKR, Nepal",-,2022-02-13 18:00:00
"DHM Pokhara, Nepal",-,2022-02-13 18:00:00
"Dhangadhi, Nepal",75,2025-08-13 12:00:00
"Shankapark, Nepal",58,2025-08-13 12:00:00
"US Embassy, Kathmandu, Nepal",46,2025-08-13 10:00:00
"Birendra School, Bhaktapur, Nepal",24,2025-08-13 12:00:00
"Khumaltar, Nepal",17,2025-08-13 12:00:00
"Nepalgunj, Nepal",11,2025-08-13 12:00:00
"Hetauda, Nepal",9,2025-08-13 12:00:00
"GBS, Pkr, Nepal",-,2025-07-09 16:00:00
"Bhaisipati, KTM, Nepal",-,2025-06-22 19:00:00
"Janakpur, Nepal",-,2025-04-14 19:46:00
"Dhankuta, Nepal",-,2025-03-15 02:00:00
"Dhulikhel, Kavre, Nepal",-,2025-03-12 09:00:00
"US Embassy, Phora Durbar, Kathmandu, Nepal",-,2025-03-04 16:00:00
"Bhimdatta (Mahendranagar), Nepal",-,2024-12-14 21:00:00
"TU Kritipur, Nepal",-,2024-08-14 19:00:00
"Ratnapark, Kathmandu, Nepal",-,2024-04-30 15:00:00
"Jhumka, Sunsari, Nepal",-,2022-05-25 07:00:00
"Biratnagar, Nepal",-,2022-05-25 07:00:00
"Shankha Park, KTM, Nepal",-,2022-02-13 18:00:00
"Gandaki Boarding School, PKR, Nepal",-,2022-02-13 18:00:00
"DHM Pokhara, Nepal",-,2022-02-13 18:00:00
"Dhangadhi, Nepal",75,2025-08-13 12:00:00
"Shankapark, Nepal",58,2025-08-13 12:00:00
"US Embassy, Kathmandu, Nepal",46,2025-08-13 10:00:00
"Birendra School, Bhaktapur, Nepal",24,2025-08-13 12:00:00
"Khumaltar, Nepal",17,2025-08-13 12:00:00
"Nepalgunj, Nepal",11,2025-08-13 12:00:00
"Hetauda, Nepal",9,2025-08-13 12:00:00
"GBS, Pkr, Nepal",-,2025-07-09 16:00:00
"Bhaisipati, KTM, Nepal",-,2025-06-22 19:00:00
"Janakpur, Nepal",-,2025-04-14 19:46:00
"Dhankuta, Nepal",-,2025-03-15 02:00:00
"Dhulikhel, Kavre, Nepal",-,2025-03-12 09:00:00
"US Embassy, Phora Durbar, Kathmandu, Nepal",-,2025-03-04 16:00:00
"Bhimdatta (Mahendranagar), Nepal",-,2024-12-14 21:00:00
"TU Kritipur, Nepal",-,2024-08-14 19:00:00
"Ratnapark, Kathmandu, Nepal",-,2024-04-30 15:00:00
"Jhumka, Sunsari, Nepal",-,2022-05-25 07:00:00
"Biratnagar, Nepal",-,2022-05-25 07:00:00
"Shankha Park, KTM, Nepal",-,2022-02-13 18:00:00
"Gandaki Boarding School, PKR, Nepal",-,2022-02-13 18:00:00
"DHM Pokhara, Nepal",-,2022-02-13 18:00:00
"Dhangadhi, Nepal",75,2025-08-13 12:00:00
"Shankapark, Nepal",58,2025-08-13 12:00:00
"US Embassy, Kathmandu, Nepal",46,2025-08-13 10:00:00
"Birendra School, Bhaktapur, Nepal",24,2025-08-13 12:00:00
"Khumaltar, Nepal",17,2025-08-13 12:00:00
"Nepalgunj, Nepal",11,2025-08-13 12:00:00
"Hetauda, Nepal",9,2025-08-13 12:00:00
"GBS, Pkr, Nepal",-,2025-07-09 16:00:00
"Bhaisipati, KTM, Nepal",-,2025-06-22 19:00:00
"Janakpur, Nepal",-,2025-04-14 19:46:00
"Dhankuta, Nepal",-,2025-03-15 02:00:00
"Dhulikhel, Kavre, Nepal",-,2025-03-12 09:00:00
"US Embassy, Phora Durbar, Kathmandu, Nepal",-,2025-03-04 16:00:00
"Bhimdatta (Mahendranagar), Nepal",-,2024-12-14 21:00:00
"TU Kritipur, Nepal",-,2024-08-14 19:00:00
"Ratnapark, Kathmandu, Nepal",-,2024-04-30 15:00:00
"Jhumka, Sunsari, Nepal",-,2022-05-25 07:00:00
"Biratnagar, Nepal",-,2022-05-25 07:00:00
"Shankha Park, KTM, Nepal",-,2022-02-13 18:00:00
"Gandaki Boarding School, PKR, Nepal",-,2022-02-13 18:00:00
"DHM Pokhara, Nepal",-,2022-02-13 18:00:00
"Dhangadhi, Nepal",75,2025-08-13 12:00:00
"Hetauda, Nepal",26,2025-08-13 13:00:00
"Shankapark, Nepal",18,2025-08-13 13:00:00
"Birendra School, Bhaktapur, Nepal",14,2025-08-13 13:00:00
"Nepalgunj, Nepal",11,2025-08-13 13:00:00
"Khumaltar, Nepal",8,2025-08-13 13:00:00
"US Embassy, Kathmandu, Nepal",6,2025-08-13 13:00:00
"GBS, Pkr, Nepal",-,2025-07-09 16:00:00
"Bhaisipati, KTM, Nepal",-,2025-06-22 19:00:00
"Janakpur, Nepal",-,2025-04-14 19:46:00
"Dhankuta, Nepal",-,2025-03-15 02:00:00
"Dhulikhel, Kavre, Nepal",-,2025-03-12 09:00:00
"US Embassy, Phora Durbar, Kathmandu, Nepal",-,2025-03-04 16:00:00
"Bhimdatta (Mahendranagar), Nepal",-,2024-12-14 21:00:00
"TU Kritipur, Nepal",-,2024-08-14 19:00:00
"Ratnapark, Kathmandu, Nepal",-,2024-04-30 15:00:00
"Jhumka, Sunsari, Nepal",-,2022-05-25 07:00:00
"Biratnagar, Nepal",-,2022-05-25 07:00:00
"Shankha Park, KTM, Nepal",-,2022-02-13 18:00:00
"Gandaki Boarding School, PKR, Nepal",-,2022-02-13 18:00:00
"DHM Pokhara, Nepal",-,2022-02-13 18:00:00
"Shankapark, Nepal",65,2025-08-19 20:00:00
"US Embassy, Kathmandu, Nepal",57,2025-08-19 19:00:00
"Hetauda, Nepal",50,2025-08-19 20:00:00
"Khumaltar, Nepal",45,2025-08-19 20:00:00
"Birendra School, Bhaktapur, Nepal",42,2025-08-19 20:00:00
"Dhangadhi, Nepal",29,2025-08-19 20:00:00
"Nepalgunj, Nepal",9,2025-08-19 20:00:00
"GBS, Pkr, Nepal",-,2025-07-09 16:00:00
"Bhaisipati, KTM, Nepal",-,2025-06-22 19:00:00
"Janakpur, Nepal",-,2025-04-14 19:46:00
"Dhankuta, Nepal",-,2025-03-15 02:00:00
"Dhulikhel, Kavre, Nepal",-,2025-03-12 09:00:00
"US Embassy, Phora Durbar, Kathmandu, Nepal",-,2025-03-04 16:00:00
"Bhimdatta (Mahendranagar), Nepal",-,2024-12-14 21:00:00
"TU Kritipur, Nepal",-,2024-08-14 19:00:00
"Ratnapark, Kathmandu, Nepal",-,2024-04-30 15:00:00
"Jhumka, Sunsari, Nepal",-,2022-05-25 07:00:00
"Biratnagar, Nepal",-,2022-05-25 07:00:00
"Shankha Park, KTM, Nepal",-,2022-02-13 18:00:00
"Gandaki Boarding School, PKR, Nepal",-,2022-02-13 18:00:00
"DHM Pokhara, Nepal",-,2022-02-13 18:00:00
"Shankapark, Nepal",69,2025-08-19 21:00:00
"US Embassy, Kathmandu, Nepal",57,2025-08-19 19:00:00
"Hetauda, Nepal",48,2025-08-19 21:00:00
"Birendra School, Bhaktapur, Nepal",46,2025-08-19 21:00:00
"Khumaltar, Nepal",35,2025-08-19 21:00:00
"Dhangadhi, Nepal",14,2025-08-19 21:00:00
"Nepalgunj, Nepal",8,2025-08-19 21:00:00
"GBS, Pkr, Nepal",-,2025-07-09 16:00:00
"Bhaisipati, KTM, Nepal",-,2025-06-22 19:00:00
"Janakpur, Nepal",-,2025-04-14 19:46:00
"Dhankuta, Nepal",-,2025-03-15 02:00:00
"Dhulikhel, Kavre, Nepal",-,2025-03-12 09:00:00
"US Embassy, Phora Durbar, Kathmandu, Nepal",-,2025-03-04 16:00:00
"Bhimdatta (Mahendranagar), Nepal",-,2024-12-14 21:00:00
"TU Kritipur, Nepal",-,2024-08-14 19:00:00
"Ratnapark, Kathmandu, Nepal",-,2024-04-30 15:00:00
"Jhumka, Sunsari, Nepal",-,2022-05-25 07:00:00
"Biratnagar, Nepal",-,2022-05-25 07:00:00
"Shankha Park, KTM, Nepal",-,2022-02-13 18:00:00
"Gandaki Boarding School, PKR, Nepal",-,2022-02-13 18:00:00
"DHM Pokhara, Nepal",-,2022-02-13 18:00:00
"Shankapark, Nepal",58,2025-08-21 10:00:00
"Birendra School, Bhaktapur, Nepal",51,2025-08-21 09:00:00
"US Embassy, Kathmandu, Nepal",46,2025-08-21 08:00:00
"Khumaltar, Nepal",35,2025-08-21 10:00:00
"Hetauda, Nepal",22,2025-08-21 10:00:00
"Dhangadhi, Nepal",18,2025-08-21 10:00:00
"Nepalgunj, Nepal",8,2025-08-21 10:00:00
"GBS, Pkr, Nepal",-,2025-07-09 16:00:00
"Bhaisipati, KTM, Nepal",-,2025-06-22 19:00:00
"Janakpur, Nepal",-,2025-04-14 19:46:00
"Dhankuta, Nepal",-,2025-03-15 02:00:00
"Dhulikhel, Kavre, Nepal",-,2025-03-12 09:00:00
"US Embassy, Phora Durbar, Kathmandu, Nepal",-,2025-03-04 16:00:00
"Bhimdatta (Mahendranagar), Nepal",-,2024-12-14 21:00:00
"TU Kritipur, Nepal",-,2024-08-14 19:00:00
"Ratnapark, Kathmandu, Nepal",-,2024-04-30 15:00:00
"Jhumka, Sunsari, Nepal",-,2022-05-25 07:00:00
"Biratnagar, Nepal",-,2022-05-25 07:00:00
"Shankha Park, KTM, Nepal",-,2022-02-13 18:00:00
"Gandaki Boarding School, PKR, Nepal",-,2022-02-13 18:00:00
"DHM Pokhara, Nepal",-,2022-02-13 18:00:00
"Shankapark, Nepal",58,2025-08-21 10:00:00
"Birendra School, Bhaktapur, Nepal",51,2025-08-21 09:00:00
"US Embassy, Kathmandu, Nepal",46,2025-08-21 08:00:00
"Khumaltar, Nepal",35,2025-08-21 10:00:00
"Hetauda, Nepal",22,2025-08-21 10:00:00
"Dhangadhi, Nepal",18,2025-08-21 10:00:00
"Nepalgunj, Nepal",8,2025-08-21 10:00:00
"GBS, Pkr, Nepal",-,2025-07-09 16:00:00
"Bhaisipati, KTM, Nepal",-,2025-06-22 19:00:00
"Janakpur, Nepal",-,2025-04-14 19:46:00
"Dhankuta, Nepal",-,2025-03-15 02:00:00
"Dhulikhel, Kavre, Nepal",-,2025-03-12 09:00:00
"US Embassy, Phora Durbar, Kathmandu, Nepal",-,2025-03-04 16:00:00
"Bhimdatta (Mahendranagar), Nepal",-,2024-12-14 21:00:00
"TU Kritipur, Nepal",-,2024-08-14 19:00:00
"Ratnapark, Kathmandu, Nepal",-,2024-04-30 15:00:00
"Jhumka, Sunsari, Nepal",-,2022-05-25 07:00:00
"Biratnagar, Nepal",-,2022-05-25 07:00:00
"Shankha Park, KTM, Nepal",-,2022-02-13 18:00:00
"Gandaki Boarding School, PKR, Nepal",-,2022-02-13 18:00:00
"DHM Pokhara, Nepal",-,2022-02-13 18:00:00
"Shankapark, Nepal",58,2025-08-21 10:00:00
"Birendra School, Bhaktapur, Nepal",51,2025-08-21 09:00:00
"US Embassy, Kathmandu, Nepal",46,2025-08-21 08:00:00
"Khumaltar, Nepal",35,2025-08-21 10:00:00
"Hetauda, Nepal",22,2025-08-21 10:00:00
"Dhangadhi, Nepal",18,2025-08-21 10:00:00
"Nepalgunj, Nepal",8,2025-08-21 10:00:00
"GBS, Pkr, Nepal",-,2025-07-09 16:00:00
"Bhaisipati, KTM, Nepal",-,2025-06-22 19:00:00
"Janakpur, Nepal",-,2025-04-14 19:46:00
"Dhankuta, Nepal",-,2025-03-15 02:00:00
"Dhulikhel, Kavre, Nepal",-,2025-03-12 09:00:00
"US Embassy, Phora Durbar, Kathmandu, Nepal",-,2025-03-04 16:00:00
"Bhimdatta (Mahendranagar), Nepal",-,2024-12-14 21:00:00
"TU Kritipur, Nepal",-,2024-08-14 19:00:00
"Ratnapark, Kathmandu, Nepal",-,2024-04-30 15:00:00
"Jhumka, Sunsari, Nepal",-,2022-05-25 07:00:00
"Biratnagar, Nepal",-,2022-05-25 07:00:00
"Shankha Park, KTM, Nepal",-,2022-02-13 18:00:00
"Gandaki Boarding School, PKR, Nepal",-,2022-02-13 18:00:00
"DHM Pokhara, Nepal",-,2022-02-13 18:00:00
"Shankapark, Nepal",55,2025-08-21 12:00:00
"US Embassy, Kathmandu, Nepal",46,2025-08-21 10:00:00
"Dhangadhi, Nepal",32,2025-08-21 11:00:00
"Birendra School, Bhaktapur, Nepal",26,2025-08-21 11:00:00
"Hetauda, Nepal",25,2025-08-21 12:00:00
"Khumaltar, Nepal",22,2025-08-21 12:00:00
"Nepalgunj, Nepal",6,2025-08-21 12:00:00
"GBS, Pkr, Nepal",-,2025-07-09 16:00:00
"Bhaisipati, KTM, Nepal",-,2025-06-22 19:00:00
"Janakpur, Nepal",-,2025-04-14 19:46:00
"Dhankuta, Nepal",-,2025-03-15 02:00:00
"Dhulikhel, Kavre, Nepal",-,2025-03-12 09:00:00
"US Embassy, Phora Durbar, Kathmandu, Nepal",-,2025-03-04 16:00:00
"Bhimdatta (Mahendranagar), Nepal",-,2024-12-14 21:00:00
"TU Kritipur, Nepal",-,2024-08-14 19:00:00
"Ratnapark, Kathmandu, Nepal",-,2024-04-30 15:00:00
"Jhumka, Sunsari, Nepal",-,2022-05-25 07:00:00
"Biratnagar, Nepal",-,2022-05-25 07:00:00
"Shankha Park, KTM, Nepal",-,2022-02-13 18:00:00
"Gandaki Boarding School, PKR, Nepal",-,2022-02-13 18:00:00
"DHM Pokhara, Nepal",-,2022-02-13 18:00:00
"Shankapark, Nepal",55,2025-08-21 12:00:00
"US Embassy, Kathmandu, Nepal",46,2025-08-21 10:00:00
"Hetauda, Nepal",25,2025-08-21 12:00:00
"Khumaltar, Nepal",22,2025-08-21 12:00:00
"Birendra School, Bhaktapur, Nepal",19,2025-08-21 12:00:00
"Dhangadhi, Nepal",15,2025-08-21 12:00:00
"Nepalgunj, Nepal",6,2025-08-21 12:00:00
"GBS, Pkr, Nepal",-,2025-07-09 16:00:00
"Bhaisipati, KTM, Nepal",-,2025-06-22 19:00:00
"Janakpur, Nepal",-,2025-04-14 19:46:00
"Dhankuta, Nepal",-,2025-03-15 02:00:00
"Dhulikhel, Kavre, Nepal",-,2025-03-12 09:00:00
"US Embassy, Phora Durbar, Kathmandu, Nepal",-,2025-03-04 16:00:00
"Bhimdatta (Mahendranagar), Nepal",-,2024-12-14 21:00:00
"TU Kritipur, Nepal",-,2024-08-14 19:00:00
"Ratnapark, Kathmandu, Nepal",-,2024-04-30 15:00:00
"Jhumka, Sunsari, Nepal",-,2022-05-25 07:00:00
"Biratnagar, Nepal",-,2022-05-25 07:00:00
"Shankha Park, KTM, Nepal",-,2022-02-13 18:00:00
"Gandaki Boarding School, PKR, Nepal",-,2022-02-13 18:00:00
"DHM Pokhara, Nepal",-,2022-02-13 18:00:00
"Shankapark, Nepal",45,2025-08-21 13:00:00
"US Embassy, Kathmandu, Nepal",42,2025-08-21 11:00:00
"Hetauda, Nepal",25,2025-08-21 13:00:00
"Khumaltar, Nepal",20,2025-08-21 13:00:00
"Birendra School, Bhaktapur, Nepal",19,2025-08-21 12:00:00
"Dhangadhi, Nepal",15,2025-08-21 12:00:00
"Nepalgunj, Nepal",5,2025-08-21 13:00:00
"GBS, Pkr, Nepal",-,2025-07-09 16:00:00
"Bhaisipati, KTM, Nepal",-,2025-06-22 19:00:00
"Janakpur, Nepal",-,2025-04-14 19:46:00
"Dhankuta, Nepal",-,2025-03-15 02:00:00
"Dhulikhel, Kavre, Nepal",-,2025-03-12 09:00:00
"US Embassy, Phora Durbar, Kathmandu, Nepal",-,2025-03-04 16:00:00
"Bhimdatta (Mahendranagar), Nepal",-,2024-12-14 21:00:00
"TU Kritipur, Nepal",-,2024-08-14 19:00:00
"Ratnapark, Kathmandu, Nepal",-,2024-04-30 15:00:00
"Jhumka, Sunsari, Nepal",-,2022-05-25 07:00:00
"Biratnagar, Nepal",-,2022-05-25 07:00:00
"Shankha Park, KTM, Nepal",-,2022-02-13 18:00:00
"Gandaki Boarding School, PKR, Nepal",-,2022-02-13 18:00:00
"DHM Pokhara, Nepal",-,2022-02-13 18:00:00
"US Embassy, Kathmandu, Nepal",42,2025-08-21 13:00:00
"Shankapark, Nepal",41,2025-08-21 14:00:00
"Khumaltar, Nepal",26,2025-08-21 14:00:00
"Birendra School, Bhaktapur, Nepal",19,2025-08-21 14:00:00
"Hetauda, Nepal",18,2025-08-21 14:00:00
"Dhangadhi, Nepal",17,2025-08-21 13:00:00
"Nepalgunj, Nepal",5,2025-08-21 14:00:00
"GBS, Pkr, Nepal",-,2025-07-09 16:00:00
"Bhaisipati, KTM, Nepal",-,2025-06-22 19:00:00
"Janakpur, Nepal",-,2025-04-14 19:46:00
"Dhankuta, Nepal",-,2025-03-15 02:00:00
"Dhulikhel, Kavre, Nepal",-,2025-03-12 09:00:00
"US Embassy, Phora Durbar, Kathmandu, Nepal",-,2025-03-04 16:00:00
"Bhimdatta (Mahendranagar), Nepal",-,2024-12-14 21:00:00
"TU Kritipur, Nepal",-,2024-08-14 19:00:00
"Ratnapark, Kathmandu, Nepal",-,2024-04-30 15:00:00
"Jhumka, Sunsari, Nepal",-,2022-05-25 07:00:00
"Biratnagar, Nepal",-,2022-05-25 07:00:00
"Shankha Park, KTM, Nepal",-,2022-02-13 18:00:00
"Gandaki Boarding School, PKR, Nepal",-,2022-02-13 18:00:00
"DHM Pokhara, Nepal",-,2022-02-13 18:00:00
"Shankapark, Nepal",56,2025-08-21 16:00:00
"US Embassy, Kathmandu, Nepal",30,2025-08-21 14:00:00
"Khumaltar, Nepal",25,2025-08-21 15:00:00
"Hetauda, Nepal",23,2025-08-21 15:00:00
"Birendra School, Bhaktapur, Nepal",18,2025-08-21 15:00:00
"Dhangadhi, Nepal",17,2025-08-21 13:00:00
"Nepalgunj, Nepal",5,2025-08-21 16:00:00
"GBS, Pkr, Nepal",-,2025-07-09 16:00:00
"Bhaisipati, KTM, Nepal",-,2025-06-22 19:00:00
"Janakpur, Nepal",-,2025-04-14 19:46:00
"Dhankuta, Nepal",-,2025-03-15 02:00:00
"Dhulikhel, Kavre, Nepal",-,2025-03-12 09:00:00
"US Embassy, Phora Durbar, Kathmandu, Nepal",-,2025-03-04 16:00:00
"Bhimdatta (Mahendranagar), Nepal",-,2024-12-14 21:00:00
"TU Kritipur, Nepal",-,2024-08-14 19:00:00
"Ratnapark, Kathmandu, Nepal",-,2024-04-30 15:00:00
"Jhumka, Sunsari, Nepal",-,2022-05-25 07:00:00
"Biratnagar, Nepal",-,2022-05-25 07:00:00
"Shankha Park, KTM, Nepal",-,2022-02-13 18:00:00
"Gandaki Boarding School, PKR, Nepal",-,2022-02-13 18:00:00
"DHM Pokhara, Nepal",-,2022-02-13 18:00:00
